rating:safe,317
1girl,129
multiple_girls,85
solo,71
hat,70
english_text,69
character_profile,54
comic,52
multiple_boys,48
greyscale,46
monochrome,45
black_hair,44
looking_at_viewer,40
no_humans,38
scenery,36
blush,36
monster_girl,36
long_hair,34
text_focus,33
rating:questionable,31
book,30
parody,29
brown_hair,26
male_focus,25
circle_name,23
1boy,22
pants,22
open_mouth,21
open_book,21
sky,20
6+girls,19
photo,18
weapon,18
blurry,16
style_parody,16
tongue,16
outdoors,15
wall_of_text,15
web_address,15
depth_of_field,14
blonde_hair,14
shirt,14
short_hair,12
tongue_out,12
simple_background,11
ground_vehicle,11
tatami,11
night,11
building,10
realistic,10
shoes,10
petite,10
watermark,10
phone_screen,9
fake_screenshot,9
pink_hair,9
from_behind,8
phone,8
food,8
censored,8
bangs,8
gloves,8
indoors,7
blurry_background,7
blurry_foreground,7
glasses,7
motor_vehicle,7
heart,7
city_lights,7
road,7
cloud,7
eyebrows_visible_through_hair,7
white_background,7
pixel_art,7
chat_log,7
breasts,6
bottle,6
speech_bubble,6
6+boys,6
cityscape,6
hair_ornament,6
mosaic_censoring,6
animal_ears,6
striped,5
motion_blur,5
bicycle,5
sitting,5
box,5
hair_over_one_eye,5
zombie,5
i-19_(kantai_collection),5
plant,5
blue_eyes,5
city,5
white_hair,5
day,5
smile,5
bow,5
ribbon,5
chibi,5
tree,4
flandre_scarlet,4
grass,4
blue_hair,4
angel,4
hair_between_eyes,4
rating:explicit,4
kochiya_sanae,4
star,4
braid,4
hair_ribbon,4
dress,4
green_eyes,4
gun,3
computer,3
nude,3
shadow,3
bird,3
bag,3
shaded_face,3
swastika,3
chain-link_fence,3
fence,3
halftone,3
star_(sky),3
starry_sky,3
jacket,3
sign,3
car,3
health_bar,3
facial_hair,3
2boys,3
water,3
collarbone,3
hetero,3
shameimaru_aya,3
twintails,3
zombie_pose,3
mouse_tail,3
trigram,3
hijiri_byakuren,3
hoshiguma_yuugi,3
houjuu_nue,3
izayoi_sakuya,3
kasodani_kyouko,3
konpaku_youmu,3
medicine_melancholy,3
mononobe_no_futo,3
nazrin,3
multicolored_hair,3
skyscraper,3
formal,3
suit,3
closed_eyes,3
one_eye_closed,3
thighhighs,3
penis,3
!,2
shoe_soles,2
shoes_removed,2
bookshelf,2
pussy_juice,2
halftone_background,2
blood,2
standing,2
photorealistic,2
power_lines,2
street,2
purple_eyes,2
sex,2
multiple_views,2
red_hair,2
night_sky,2
green_hair,2
maid_headdress,2
\o/,2
crotch,2
sleepy,2
taut_clothes,2
teacher,2
wings,2
remilia_scarlet,2
black_background,2
headphones,2
jewelry,2
alice_margatroid,2
kirisame_marisa,2
mizuhashi_parsee,2
bare_shoulders,2
fang,2
streaked_hair,2
flower,2
gameplay_mechanics,2
sunset,2
necktie,2
hairband,2
letterboxed,2
silent_comic,2
kazami_yuuka,2
military,2
alternate_hair_length,2
antennae,2
japanese_clothes,2
karakasa_obake,2
luggage,2
mouse_ears,2
ponytail,2
shoulder_bag,2
skull,2
yin_yang,2
daiyousei,2
fujiwara_no_mokou,2
hakurei_reimu,2
ibaraki_kasen,2
kaenbyou_rin,2
komeiji_koishi,2
komeiji_satori,2
kumoi_ichirin,2
maribel_hearn,2
murasa_minamitsu,2
reisen_udongein_inaba,2
rumia,2
su-san,2
tatara_kogasa,2
toyosatomimi_no_miko,2
unzan,2
usami_renko,2
watatsuki_no_toyohime,2
yakumo_ran,2
yakumo_yukari,2
cloudy_sky,2
dog,2
shiba_inu,2
moriya_suwako,2
chinese_text,2
red_eyes,1
border,1
keyboard_(computer),1
laptop,1
piano,1
backpack,1
racket,1
?,1
airplane,1
licking_lips,1
space,1
water_bottle,1
sunburst,1
asian,1
lips,1
nose,1
reflection,1
window,1
neon_lights,1
traditional_media,1
house,1
sword,1
bandages,1
official_style,1
track_jacket,1
track_suit,1
animal,1
bush,1
potted_plant,1
akashi_(kantai_collection),1
blue_shirt,1
bracelet,1
watch,1
sneakers,1
horns,1
monster,1
dark,1
polka_dot,1
polka_dot_background,1
screentones,1
teeth,1
blue_sky,1
cat,1
everyone,1
small_breasts,1
purple_hair,1
white_gloves,1
anal,1
bra,1
cum,1
cum_in_pussy,1
dildo,1
panties,1
pantyhose,1
pussy,1
pussy_juice_trail,1
remote_control_vibrator,1
spread_legs,1
uncensored,1
underwear,1
vaginal,1
vibrator,1
bowtie,1
suggestive_fluid,1
leaf,1
lightning_bolt,1
maid,1
shop,1
vending_machine,1
mob_cap,1
black_bow,1
choker,1
hair_intakes,1
otoko_no_ko,1
single_braid,1
skin_fang,1
astolfo_(fate),1
red_bow,1
holding,1
beach,1
bikini,1
large_breasts,1
swimsuit,1
4koma,1
chair,1
real_life_insert,1
skyline,1
photo_background,1
double_bun,1
silver_hair,1
black_pants,1
yellow_eyes,1
3girls,1
magical_girl,1
orange_hair,1
pink_eyes,1
tiara,1
ass,1
profile,1
grey_hair,1
hibiki_(kantai_collection),1
face,1
rain,1
identity_censor,1
middle_finger,1
animal_ear_fluff,1
cat_ears,1
frills,1
low_twintails,1
nose_blush,1
sleeveless,1
v-shaped_eyebrows,1
kyaru_(princess_connect),1
company_name,1
copyright_name,1
logo,1
black_jacket,1
cover,1
character_sheet,1
full_body,1
pokemon_(creature),1
running,1
bar_censor,1
fellatio,1
oral,1
penis_on_face,1
beard,1
calendar_(medium),1
transparent_background,1
:d,1
bubble,1
green_theme,1
underwater,1
non-human_admiral_(kantai_collection),1
ball,1
shinkaisei-kan,1
koakuma,1
bow_(weapon),1
brown_eyes,1
peaked_cap,1
side_ponytail,1
kaga_(kantai_collection),1
shoukaku_(kantai_collection),1
high_heels,1
monitor,1
asymmetrical_wings,1
bunny_ears,1
casual,1
cat_tail,1
cellphone,1
cleavage,1
contemporary,1
cross,1
extra,1
eyeball,1
fan,1
forehead,1
fox_ears,1
fox_tail,1
head_fins,1
hood,1
jeans,1
kimono,1
mermaid,1
pipe,1
sisters,1
tail,1
tanuki,1
third_eye,1
uchiwa,1
umbrella,1
wolf_ears,1
wolf_tail,1
chen,1
cirno,1
doremy_sweet,1
hata_no_kokoro,1
himekaidou_hatate,1
hinanawi_tenshi,1
hong_meiling,1
horikawa_raiko,1
houraisan_kaguya,1
ibuki_suika,1
imaizumi_kagerou,1
inaba_tewi,1
inubashiri_momiji,1
kagiyama_hina,1
kaku_seiga,1
kamishirasawa_keine,1
kawashiro_nitori,1
kazami_yuuka_(pc-98),1
kishin_sagume,1
konpaku_youki,1
konpaku_youmu_(ghost),1
kurodani_yamame,1
letty_whiterock,1
luna_child,1
mima,1
morichika_rinnosuke,1
motoori_kosuzu,1
nagae_iku,1
onozuka_komachi,1
patchouli_knowledge,1
reisen,1
sekibanki,1
star_sapphire,1
sukuna_shinmyoumaru,1
toramaru_shou,1
tsukumo_benben,1
tsukumo_yatsuhashi,1
wakasagihime,1
wriggle_nightbug,1
yumeko,1
vest,1
forest,1
anger_vein,1
watercraft,1
pink_flower,1
red_flower,1
red_rose,1
rose,1
2girls,1
orc,1
scarf,1
kyubey,1
