1girl,429
rating:safe,403
solo,389
long_hair,378
looking_at_viewer,366
blush,354
eyebrows_visible_through_hair,326
bangs,319
breasts,193
smile,171
hair_ornament,158
open_mouth,156
blue_eyes,148
hair_between_eyes,144
very_long_hair,137
bow,132
animal_ears,132
striped,127
bare_shoulders,127
thighhighs,126
long_sleeves,116
dress,114
sitting,110
ribbon,108
collarbone,101
silver_hair,89
white_legwear,87
skirt,84
navel,82
closed_mouth,82
red_eyes,82
shirt,81
underwear,80
holding,78
panties,76
simple_background,76
twintails,70
white_background,69
tail,63
cleavage,62
black_legwear,61
blonde_hair,60
frills,60
hair_bow,57
green_eyes,57
gloves,56
blue_hair,53
cat_ears,53
hat,52
rating:questionable,51
small_breasts,49
flower,49
lying,48
white_shirt,45
short_hair,45
brown_hair,44
braid,43
purple_eyes,43
detached_sleeves,43
ahoge,42
medium_breasts,42
swimsuit,41
pleated_skirt,41
hair_ribbon,40
pink_hair,40
short_sleeves,39
multiple_girls,39
ass,38
black_hair,37
hairclip,37
off_shoulder,35
brown_eyes,35
bikini,34
sleeves_past_wrists,32
outdoors,32
animal_ear_fluff,32
pantyhose,32
:d,31
school_uniform,30
sky,30
large_breasts,30
purple_hair,29
shoes,29
food,29
one_eye_closed,29
water,28
full_body,28
striped_legwear,27
2girls,27
jacket,27
cat_tail,26
fox_ears,26
japanese_clothes,26
wings,26
hood,25
hair_flower,25
cowboy_shot,25
white_dress,24
puffy_sleeves,24
x_hair_ornament,24
open_clothes,24
fang,24
choker,24
white_hair,23
sailor_collar,23
blurry,23
petals,23
heart,23
jewelry,23
upper_body,22
depth_of_field,22
day,21
indoors,21
white_panties,21
serafuku,20
weapon,20
bunny_ears,20
vertical_stripes,20
see-through,19
sleeveless,19
on_back,19
kafuu_chino,19
barefoot,19
yellow_eyes,18
virtual_youtuber,18
arms_up,18
cloud,17
pillow,17
ponytail,17
kimono,17
kneehighs,17
no_shoes,16
blue_skirt,16
tongue,16
tongue_out,16
hairband,16
pointy_ears,16
wide_sleeves,16
elbow_gloves,16
puffy_short_sleeves,15
parted_lips,15
sidelocks,15
closed_eyes,15
multicolored_hair,14
socks,14
stuffed_toy,14
bell,14
jingle_bell,14
black_gloves,14
fox_tail,14
black_skirt,14
black_panties,13
double_bun,13
black_bow,13
maid_headdress,13
cat_girl,13
apron,13
white_gloves,13
armpits,13
stomach,13
blue_sky,12
blue_bow,12
wrist_cuffs,12
collared_shirt,12
star,12
stuffed_animal,12
necktie,12
bare_arms,12
black_dress,12
wariza,12
black_footwear,11
censored,11
nail_polish,11
blurry_background,11
white_headwear,11
curtains,11
boots,11
looking_back,11
animal,11
bed_sheet,10
hand_up,10
rating:explicit,10
1boy,10
maid,10
on_side,10
blurry_foreground,10
bra,10
blunt_bangs,10
night,10
heterochromia,10
earrings,10
neck_ribbon,9
black_ribbon,9
bird,9
ocean,9
on_stomach,9
open_jacket,9
hatsune_miku,9
blue_dress,9
garter_straps,9
bag,9
strap_slip,9
multiple_views,9
nipples,9
green_hair,8
shorts,8
low_twintails,8
scrunchie,8
greyscale,8
monochrome,8
hat_bow,8
;d,8
sleeves_past_fingers,8
high_heels,8
white_flower,8
red_skirt,8
twin_braids,8
red_ribbon,8
hair_over_one_eye,8
frilled_dress,8
one_side_up,8
laffey_(azur_lane),8
gun,8
hoodie,7
streaked_hair,7
holding_weapon,7
midriff,7
ayanami_(azur_lane),7
hair_scrunchie,7
sweat,7
feet,7
bowtie,7
red_neckwear,7
blue_ribbon,7
plaid,7
angel_wings,7
blue_neckwear,7
cherry_blossoms,7
window,7
horns,7
sleeveless_dress,7
grey_background,7
red_bow,7
thigh_strap,7
fur_trim,7
manjuu_(azur_lane),7
spread_legs,7
standing,7
night_sky,7
signature,7
two_side_up,6
wading,6
headgear,6
sword,6
neckerchief,6
hetero,6
mosaic_censoring,6
pixel_art,6
covered_navel,6
twitter_username,6
bubble,6
feathered_wings,6
white_wings,6
shirt_lift,6
rose,6
animal_hood,6
sparkle,6
side-tie_panties,6
red_hair,6
star_(sky),6
starry_sky,6
plaid_skirt,6
from_behind,6
flandre_scarlet,6
umbrella,6
camisole,6
red_hairband,6
book,6
thighs,6
nose_blush,6
eyewear_on_head,6
finger_to_mouth,5
unicorn_(azur_lane),5
object_hug,5
bed,5
kyaru_(princess_connect),5
belt,5
:o,5
penis,5
comic,5
front-tie_top,5
grey_hair,5
scarf,5
capelet,5
white_bow,5
panties_under_pantyhose,5
arms_behind_back,5
miniskirt,5
black_bikini,5
flat_chest,5
bow_panties,5
ascot,5
yellow_neckwear,5
pink_bow,5
striped_background,5
striped_bikini,5
holding_food,5
white_skirt,5
pink_eyes,5
frilled_bikini,5
cat,5
mob_cap,5
side_ponytail,5
mouth_hold,5
hood_down,5
hood_up,5
collar,5
fake_animal_ears,5
cup,5
symbol-shaped_pupils,5
chick,5
dress_shirt,5
bandaid,5
orange_hair,5
one-piece_swimsuit,5
wet,5
3girls,5
sunglasses,5
drinking_straw,5
box,4
gift,4
underboob,4
brown_footwear,4
dog_ears,4
loafers,4
nude,4
tail_raised,4
yae_sakura,4
striped_panties,4
between_legs,4
blue_kimono,4
sun_hat,4
v,4
blue_sailor_collar,4
necklace,4
from_side,4
frilled_shirt_collar,4
hooded_jacket,4
purple_bow,4
vertical-striped_legwear,4
rem_(re:zero),4
kemonomimi_mode,4
white_apron,4
fruit,4
lolita_fashion,4
demon_girl,4
demon_tail,4
phone,4
cleavage_cutout,4
hair_bun,4
short_shorts,4
vest,4
solo_focus,4
:q,4
aqua_eyes,4
bare_legs,4
sweater,4
strapless,4
beret,4
candy,4
sailor_dress,4
heart-shaped_pupils,4
bunny,4
teddy_bear,4
halterneck,4
bracelet,4
leg_garter,4
groin,4
white_jacket,4
hoto_cocoa,4
drill_hair,4
garter_belt,4
beach,4
kneeling,4
innertube,3
straw_hat,3
holding_sword,3
fireworks,3
dog_tail,3
frilled_skirt,3
white_sailor_collar,3
identity_censor,3
babydoll,3
grey_skirt,3
musical_note,3
black_capelet,3
black_headwear,3
glasses,3
sideboob,3
skindentation,3
hand_between_legs,3
bound,3
desk,3
fox_girl,3
bug,3
butterfly,3
insect,3
ribbon_trim,3
kokkoro_(princess_connect!),3
leotard,3
hair_tubes,3
skirt_set,3
bikini_skirt,3
remodel_(kantai_collection),3
sleeping,3
diagonal_stripes,3
pink_jacket,3
fairy_wings,3
ice_wings,3
cirno,3
paw_pose,3
frilled_apron,3
remilia_scarlet,3
hinatsuru_ai,3
cellphone,3
dutch_angle,3
fur-trimmed_capelet,3
pink_flower,3
alternate_costume,3
crystal,3
hat_ribbon,3
petticoat,3
red_vest,3
bench,3
frilled_pillow,3
rain,3
holding_umbrella,3
skirt_hold,3
bunny_tail,3
pink_panties,3
arm_up,3
claw_pose,3
wolf_tail,3
tree,3
tamamo_(fate)_(all),3
character_doll,3
bandages,3
crown,3
pussy,3
javelin_(azur_lane),3
blue_scrunchie,3
knees_up,3
blue_bikini,3
popsicle,3
star_hair_ornament,3
twin_drills,3
lemon,3
all_fours,3
rubber_duck,3
grin,3
jack-o'-lantern,3
holding_gun,3
halo,3
pink_bra,3
arms_behind_head,3
orange_eyes,3
black_jacket,3
on_bed,3
oriental_umbrella,3
gift_box,2
pelvic_curtain,2
zoom_layer,2
crop_top,2
cardigan,2
hands_up,2
dog_girl,2
multiple_penises,2
shiny,2
testicles,2
kinomoto_sakura,2
squatting,2
fish,2
jellyfish,2
sandals,2
tail_bell,2
twins,2
6+girls,2
thighband_pantyhose,2
bdsm,2
blue_shirt,2
bondage,2
light_brown_hair,2
covered_mouth,2
yellow_bow,2
copyright_name,2
classroom,2
on_desk,2
school_desk,2
transparent,2
vase,2
fan,2
blue_butterfly,2
front-tie_bikini,2
profile,2
sunset,2
jeanne_d'arc_(fate)_(all),2
demon_horns,2
antenna_hair,2
hibiki_(kantai_collection),2
verniy_(kantai_collection),2
purple_ribbon,2
emilia_(re:zero),2
blue_flower,2
blue_rose,2
ribbon-trimmed_sleeves,2
hakurei_reimu,2
hair_flaps,2
:3,2
loungewear,2
facing_viewer,2
reaching_out,2
lingerie,2
bubble_blowing,2
bonnet,2
pink_dress,2
demon_wings,2
smartphone,2
side_bun,2
bottomless,2
black_choker,2
fishnet_legwear,2
fishnets,2
facial_mark,2
angel,2
between_breasts,2
dragon_girl,2
ice,2
daiyousei,2
sleeveless_shirt,2
tattoo,2
fingernails,2
black_leotard,2
detached_collar,2
blue_background,2
diagonal-striped_background,2
backpack,2
strapless_dress,2
bound_wrists,2
cross-laced_footwear,2
knee_boots,2
lace-up_boots,2
red_flower,2
cloudy_sky,2
strawberry,2
table,2
peaked_cap,2
bouquet,2
white_ribbon,2
own_hands_together,2
minigirl,2
wolf_ears,2
tippy_(gochiusa),2
parted_bangs,2
black_neckwear,2
tamamo_no_mae_(fate),2
out_of_frame,2
naked_shirt,2
cape,2
bandaged_arm,2
bandaged_leg,2
bandaid_on_face,2
bandaid_on_knee,2
tail_bow,2
mini_crown,2
bangle,2
pantyshot,2
double_v,2
polka_dot,2
carrot,2
covering,2
panty_pull,2
shimakaze_(kantai_collection),2
brown_skirt,2
bottle,2
drinking_glass,2
thigh_gap,2
yellow_background,2
underwear_only,2
speech_bubble,2
mask,2
wrist_scrunchie,2
pov,2
halloween,2
ass_visible_through_thighs,2
from_below,2
school_swimsuit,2
obi,2
sash,2
microphone,2
flats,2
handgun,2
blue_legwear,2
bat_wings,2
holding_fruit,2
orange,2
orange_slice,2
pink_bikini,2
witch_hat,2
moon,2
houraisan_kaguya,2
illyasviel_von_einzbern,2
panties_around_one_leg,2
sand,2
artist_name,2
dated,2
blood,2
eating,2
crossed_legs,2
gym_uniform,2
>_<,2
lollipop,2
black_shorts,2
waist_apron,2
holding_hands,2
underwater,2
shushing,2
portrait,2
^_^,2
animal_on_head,2
on_head,2
dakimakura,2
hair_bell,2
miko,2
white_bra,2
sunflower,2
bloomers,2
lifted_by_self,2
curled_horns,2
soles,2
cat_hood,2
fur-trimmed_hood,2
hooded_capelet,2
thick_eyebrows,2
short_eyebrows,2
hibiscus,2
heart_pillow,2
bun_cover,1
china_dress,1
chinese_clothes,1
holding_gift,1
c.c.,1
pillow_hug,1
crop_top_overhang,1
retrofit_(azur_lane),1
ribbed_sweater,1
black_sailor_collar,1
black_scrunchie,1
pink_neckwear,1
white_cardigan,1
close-up,1
erection,1
from_above,1
shiny_skin,1
large_penis,1
cross-section,1
cum_in_pussy,1
internal_cumshot,1
sex,1
komeiji_satori,1
face,1
toenail_polish,1
take_your_pick,1
pocky,1
striped_neckwear,1
snowflake_print,1
snowflakes,1
thigh_boots,1
rabbit_yukine,1
yuki_miku,1
chibi,1
...,1
black_shirt,1
no_pants,1
spoken_ellipsis,1
fedora,1
usami_renko,1
back,1
thong,1
undressing,1
scar_across_eye,1
on_floor,1
wooden_floor,1
motion_blur,1
fringe_trim,1
snow,1
snowman,1
kindergarten_uniform,1
school_hat,1
shaded_face,1
partially_submerged,1
fox_shadow_puppet,1
purple_kimono,1
hair_rings,1
aqua_(konosuba),1
butterfly_hair_ornament,1
evening,1
jeanne_d'arc_(swimsuit_archer),1
training_bra,1
wing_collar,1
green_dress,1
puffy_long_sleeves,1
see-through_sleeves,1
crown_braid,1
gem,1
armor,1
gradient_hair,1
yuudachi_(kantai_collection),1
frilled_panties,1
leg_warmers,1
toeless_legwear,1
cat_band_legwear,1
wand,1
folded_ponytail,1
maid_apron,1
chain,1
cross_hair_ornament,1
cuffs,1
handcuffs,1
aqua_hair,1
artoria_pendragon_(lancer_alter),1
hair_intakes,1
nero_claudius_(fate)_(all),1
nero_claudius_(swimsuit_caster)_(fate),1
holding_phone,1
pool,1
poolside,1
soaking_feet,1
hug,1
medium_hair,1
nontraditional_miko,1
candle,1
school_bag,1
yuigahama_yui,1
yukinoshita_yukino,1
chocolate,1
pantyhose_pull,1
black_apron,1
black_hairband,1
brown_background,1
checkered,1
orange_background,1
hk416_(girls_frontline),1
plaid_bikini,1
plaid_panties,1
dove,1
envelope,1
letter,1
striped_shirt,1
black_nails,1
two-tone_dress,1
formidable_(azur_lane),1
sundress,1
illustrious_(azur_lane),1
red_dress,1
red_headwear,1
marie_antoinette_(fate/grand_order),1
card,1
alice_(wonderland),1
flying_sweatdrops,1
pinafore_dress,1
striped_swimsuit,1
bunny_girl,1
bunnysuit,1
strapless_leotard,1
short_over_long_sleeves,1
holding_lollipop,1
purple_nails,1
cameltoe,1
red_bikini,1
red_bikini_top,1
hammann_(azur_lane),1
couch,1
on_couch,1
breasts_apart,1
anastasia_(fate/grand_order),1
cake,1
waitress,1
flat_cap,1
arm_support,1
feathers,1
white_feathers,1
holding_bouquet,1
yellow_ribbon,1
kanzaki_ranko,1
chestnut_mouth,1
cosplay,1
light_blue_hair,1
single_thighhigh,1
branch,1
tokin_hat,1
tree_branch,1
shameimaru_aya,1
criss-cross_halter,1
adjusting_hair,1
hair_down,1
ribbon_in_mouth,1
tying_hair,1
;p,1
;q,1
peach,1
hinanawi_tenshi,1
boko_(girls_und_panzer),1
nishizumi_miho,1
shimada_arisu,1
bandaged_hands,1
bandaid_on_leg,1
naked_bandage,1
sarashi,1
explosion,1
fire,1
cowgirl_position,1
cunnilingus,1
oral,1
sitting_on_face,1
sitting_on_person,1
stuffed_cat,1
cat_lingerie,1
thighlet,1
necktie_between_breasts,1
bullpup,1
rifle,1
sniper_rifle,1
hooded_cloak,1
crying_with_eyes_open,1
tears,1
plant,1
potted_plant,1
honma_meiko,1
?,1
spoken_question_mark,1
breast_hold,1
frog_hair_ornament,1
skirt_pull,1
snake_hair_ornament,1
kochiya_sanae,1
standing_on_one_leg,1
horizon,1
vertical-striped_background,1
;o,1
swept_bangs,1
homura_(xenoblade_2),1
hair_over_shoulder,1
single_braid,1
shigure_(kantai_collection),1
highleg,1
highleg_panties,1
microskirt,1
formal,1
red_background,1
sharp_teeth,1
blue_sleeves,1
purple_skirt,1
heart-shaped_box,1
argyle_legwear,1
chain-link_fence,1
christmas,1
christmas_tree,1
fence,1
hand_net,1
merry_christmas,1
pendant,1
red_gloves,1
sack,1
santa_costume,1
santa_hat,1
wine,1
wine_bottle,1
wreath,1
maekawa_miku,1
4girls,1
white_bikini,1
wristband,1
green_ribbon,1
yellow_dress,1
yellow_theme,1
fake_screenshot,1
2koma,1
holding_sign,1
reading,1
black_bra,1
talking,1
dress_lift,1
trembling,1
fox_mask,1
mask_on_head,1
tea,1
teacup,1
teapot,1
autumn_leaves,1
leaf,1
maple_leaf,1
bent_over,1
leaning_forward,1
teeth,1
pencil,1
pumpkin,1
intravenous_drip,1
pill,1
syringe,1
instrument,1
red_rose,1
star_earrings,1
starry_background,1
partly_fingerless_gloves,1
pistol,1
trigger_discipline,1
fujiwara_no_mokou,1
naked_ribbon,1
siblings,1
sisters,1
ikazuchi_(kantai_collection),1
grey_eyes,1
full_moon,1
index_finger_raised,1
pink_headwear,1
multiple_tails,1
hairpin,1
restrained,1
tentacles,1
katsushika_hokusai_(fate/grand_order),1
starfish,1
chopsticks,1
chair,1
gothic_lolita,1
blue_buruma,1
buruma,1
hose,1
wet_clothes,1
wet_shirt,1
white_rose,1
djeeta_(granblue_fantasy),1
yakumo_yukari,1
futaba_anzu,1
rensouhou-chan,1
bikini_lift,1
bikini_under_clothes,1
open_fly,1
open_shorts,1
purple_bikini,1
purple_jacket,1
white_shorts,1
candy_wrapper,1
doughnut,1
harusame_(kantai_collection),1
bridal_veil,1
bride,1
headphones,1
wedding_dress,1
super_sonico,1
juliet_sleeves,1
unsheathing,1
zettai_ryouiki,1
interlocked_fingers,1
locked_arms,1
dark_skin,1
licking_lips,1
stomach_tattoo,1
untied,1
untied_bikini,1
chloe_von_einzbern,1
dangerous_beast,1
eyes_visible_through_hair,1
fur_collar,1
o-ring_top,1
purple_gloves,1
purple_legwear,1
mash_kyrielight,1
high_ponytail,1
bathtub,1
orb,1
high_heel_boots,1
micro_bikini,1
holding_book,1
tan,1
:t,1
food_on_face,1
sunlight,1
center_opening,1
paw_gloves,1
paw_shoes,1
paws,1
tail_ribbon,1
red_hakama,1
black_hoodie,1
open_shirt,1
outstretched_arm,1
self_shot,1
seiza,1
anger_vein,1
iron_cross,1
mole,1
prinz_eugen_(azur_lane),1
off-shoulder_shirt,1
blue_headwear,1
disposable_cup,1
covering_mouth,1
frilled_sleeves,1
heart_of_string,1
white_bloomers,1
yellow_shirt,1
komeiji_koishi,1
mug,1
steam,1
military,1
military_uniform,1
bandeau,1
yoshida_yuuko_(machikado_mazoku),1
dragon_horns,1
dragon_tail,1
elizabeth_bathory_(fate),1
elizabeth_bathory_(fate)_(all),1
erune,1
purple_panties,1
shoulder_blades,1
bagged_fish,1
uchiwa,1
yukata,1
purple_dress,1
single_wing,1
doremy_sweet,1
kishin_sagume,1
black_eyes,1
akatsuki_(kantai_collection),1
convenient_censoring,1
toes,1
hat_removed,1
headwear_removed,1
single_shoe,1
bow_bra,1
cropped_legs,1
asakaze_(kantai_collection),1
hat_flower,1
bra_removed,1
spoken_heart,1
fur-trimmed_sleeves,1
lowleg,1
letterboxed,1
bat,1
forehead,1
forehead_mark,1
black_swimsuit,1
character_name,1
red_nails,1
yuudachi_(azur_lane),1
bobby_socks,1
mary_janes,1
red_footwear,1
hand_on_hip,1
reisen_udongein_inaba,1
two-tone_hair,1
seagull,1
fangs,1
multiple_boys,1
miyu_edelfelt,1
out-of-frame_censoring,1
lily_white,1
no_bra,1
kiss,1
yuri,1
ram_(re:zero),1
nurse,1
nurse_cap,1
pink_gloves,1
stethoscope,1
head_out_of_frame,1
earphones,1
tress_ribbon,1
murakumo_(kantai_collection),1
heavy_breathing,1
holding_panties,1
pov_hands,1
spoken_squiggle,1
squiggle,1
wavy_mouth,1
broom,1
hakama,1
monster_girl,1
shooting_star,1
yellow_bikini,1
blue_bra,1
blue_nails,1
blue_panties,1
brooch,1
alternate_hair_length,1
bunny_hood,1
stuffed_alicorn,1
crotch_seam,1
oni_horns,1
red_choker,1
yuubari_(kantai_collection),1
crescent_moon,1
stuffed_bunny,1
raised_eyebrows,1
kotatsu,1
crescent,1
